01	LAB-24-W2E-SHA-W3E-ALL-CG256-P2.conf	LAB-24-W2E-SHA-W3E-ALL-CG256-P2
02	LAB-24-W2E-SHA-W3E-CG256-P2.conf	LAB-24-W2E-SHA-W3E-CG256-P2
03	LAB-24-W2E3E-CCMP-G256-P2.conf	LAB-24-W2E3E-CCMP-G256-P2
04	LAB-24-WPA-WPA2Ent-CCMP-P0.conf	LAB-24-WPA-WPA2Ent-CCMP-P0
05	LAB-24-WPA-WPA2Ent-TKIP-CCMP-P0.conf	LAB-24-WPA-WPA2Ent-TKIP-CCMP-P0
06	LAB-24-WPA-WPA2Ent-TKIP-CCMP-P1.conf	LAB-24-WPA-WPA2Ent-TKIP-CCMP-P1
07	LAB-24-WPA-WPA2Ent-TKIP-P0.conf	LAB-24-WPA-WPA2Ent-TKIP-P0
08	LAB-24-WPA1Ent-TKIP-P0.conf	LAB-24-WPA1Ent-TKIP-P0
09	LAB-24-WPA2Ent-CCMP-GCMP-P1.conf	LAB-24-WPA2Ent-CCMP-GCMP-P1
10	LAB-24-WPA2Ent-CCMP-P0-Leg.conf	LAB-24-WPA2Ent-CCMP-P0-Leg
11	LAB-24-WPA2Ent-CCMP-P0.conf	LAB-24-WPA2Ent-CCMP-P0
12	LAB-24-WPA2Ent-CCMP-P1.conf	LAB-24-WPA2Ent-CCMP-P1
13	LAB-24-WPA2Ent-CCMP-P2.conf	LAB-24-WPA2Ent-CCMP-P2
14	LAB-24-WPA2Ent-GCMP-P1.conf	LAB-24-WPA2Ent-GCMP-P1
15	LAB-24-WPA2Ent-GCMP-P2.conf	LAB-24-WPA2Ent-GCMP-P2
16	LAB-24-WPA2Ent-Mix-CCMP-P1.conf	LAB-24-WPA2Ent-Mix-CCMP-P1
17	LAB-24-WPA2Ent-Mix-CCMP-P2.conf	LAB-24-WPA2Ent-Mix-CCMP-P2
18	LAB-24-WPA2Ent-SHA256-CCMP-P1.conf	LAB-24-WPA2Ent-SHA256-CCMP-P1
19	LAB-24-WPA2Ent-SHA256-CCMP-P2.conf	LAB-24-WPA2Ent-SHA256-CCMP-P2
20	LAB-24-WPA2Ent-SHA256-GCMP-P2.conf	LAB-24-WPA2Ent-SHA256-GCMP-P2
21	LAB-24-WPA3Ent-192b-P2.conf	LAB-24-WPA3Ent-192b-P2
22	LAB-5G-W2E-SHA-W3E-ALL-CG256-P2.conf	LAB-5G-W2E-SHA-W3E-ALL-CG256-P2
23	LAB-5G-W2E-SHA-W3E-CG256-P2.conf	LAB-5G-W2E-SHA-W3E-CG256-P2
24	LAB-5G-W2E3E-CCMP-G256-P2.conf	LAB-5G-W2E3E-CCMP-G256-P2
25	LAB-5G-WPA-WPA2Ent-CCMP-P0.conf	LAB-5G-WPA-WPA2Ent-CCMP-P0
26	LAB-5G-WPA-WPA2Ent-TKIP-CCMP-P0.conf	LAB-5G-WPA-WPA2Ent-TKIP-CCMP-P0
27	LAB-5G-WPA-WPA2Ent-TKIP-CCMP-P1.conf	LAB-5G-WPA-WPA2Ent-TKIP-CCMP-P1
28	LAB-5G-WPA-WPA2Ent-TKIP-P0.conf	LAB-5G-WPA-WPA2Ent-TKIP-P0
29	LAB-5G-WPA1Ent-TKIP-P0.conf	LAB-5G-WPA1Ent-TKIP-P0
30	LAB-5G-WPA2Ent-CCMP-GCMP-P1.conf	LAB-5G-WPA2Ent-CCMP-GCMP-P1
31	LAB-5G-WPA2Ent-CCMP-P0-Leg.conf	LAB-5G-WPA2Ent-CCMP-P0-Leg
32	LAB-5G-WPA2Ent-CCMP-P0.conf	LAB-5G-WPA2Ent-CCMP-P0
33	LAB-5G-WPA2Ent-CCMP-P1.conf	LAB-5G-WPA2Ent-CCMP-P1
34	LAB-5G-WPA2Ent-CCMP-P2.conf	LAB-5G-WPA2Ent-CCMP-P2
35	LAB-5G-WPA2Ent-GCMP-P1.conf	LAB-5G-WPA2Ent-GCMP-P1
36	LAB-5G-WPA2Ent-GCMP-P2.conf	LAB-5G-WPA2Ent-GCMP-P2
37	LAB-5G-WPA2Ent-Mix-CCMP-P1.conf	LAB-5G-WPA2Ent-Mix-CCMP-P1
38	LAB-5G-WPA2Ent-Mix-CCMP-P2.conf	LAB-5G-WPA2Ent-Mix-CCMP-P2
39	LAB-5G-WPA2Ent-SHA256-CCMP-P1.conf	LAB-5G-WPA2Ent-SHA256-CCMP-P1
40	LAB-5G-WPA2Ent-SHA256-CCMP-P2.conf	LAB-5G-WPA2Ent-SHA256-CCMP-P2
41	LAB-5G-WPA2Ent-SHA256-GCMP-P2.conf	LAB-5G-WPA2Ent-SHA256-GCMP-P2
42	LAB-5G-WPA3Ent-192b-P2.conf	LAB-5G-WPA3Ent-192b-P2
